{"cameraMode":{"drawMode":0,"name":"Shaded","section":"Shading Mode"},"sceneLighting":true,"audioPlay":false,"sceneViewState":{"showFog":true,"showMaterialUpdate":false,"showSkybox":true,"showFlares":true,"showImageEffects":true,"showParticleSystems":true,"showVisualEffectGraphs":true,"m_FxEnabled":true},"in2DMode":false,"pivot":{"x":979.2030639648438,"y":220.41795349121095,"z":706.7498779296875},"rotation":{"x":0.006205801852047443,"y":-0.9340602159500122,"z":0.01625177077949047,"w":0.35670629143714907},"size":13.232961654663086,"orthographic":false}