{"cameraMode":{"drawMode":0,"name":"Shaded","section":"Shading Mode"},"sceneLighting":true,"audioPlay":false,"sceneViewState":{"showFog":true,"showMaterialUpdate":false,"showSkybox":true,"showFlares":true,"showImageEffects":true,"showParticleSystems":true,"showVisualEffectGraphs":true,"m_FxEnabled":true},"in2DMode":false,"pivot":{"x":581.0648193359375,"y":43.16354751586914,"z":490.40191650390627},"rotation":{"x":0.0057364110834896568,"y":-0.988839864730835,"z":0.039472393691539767,"w":0.1436847746372223},"size":83.97949981689453,"orthographic":false}