{"cameraMode":{"drawMode":0,"name":"Shaded","section":"Shading Mode"},"sceneLighting":false,"audioPlay":false,"sceneViewState":{"showFog":true,"showMaterialUpdate":false,"showSkybox":true,"showFlares":true,"showImageEffects":true,"showParticleSystems":true,"showVisualEffectGraphs":true,"m_FxEnabled":true},"in2DMode":false,"pivot":{"x":266.3948974609375,"y":154.63983154296876,"z":1.231414794921875},"rotation":{"x":0.00009997266897698864,"y":1.00011146068573,"z":-0.0038998459931463005,"w":-0.0032589177135378124},"size":142.7082977294922,"orthographic":false}